SET NAMES UTF8;
DROP DATABASE IF EXISTS shope;
CREATE DATABASE shope CHARSET=UTF8;
USE shope;
CREATE TABLE type(
	id INT PRIMARY KEY,
	name VARCHAR(20)	
);
INSERT INTO type VALUES
(10,'移动设备'),
(20,'家用电器'),
(30,'摄影拍照'),
(40,'家居用品'),
(50,'户外设备'),
(60,'电竞设备');

CREATE TABLE laptop(
		id INT PRIMARY KEY AUTO_INCREMENT ,
		lname VARCHAR(25) NOT NULL,
		price DECIMAL(9,2),
		details VARCHAR(50),
		count VARCHAR(10),
		mdpic VARCHAR(250),
		typeid INT,
		recom BOOL,
		FOREIGN KEY(typeid) REFERENCES type(id)

);
INSERT INTO laptop VALUES
(1,'iphoneX','5288.00','全身水洗，超大屏幕，待机24小时','899','http://127.0.0.1:3000/images/a01.jpg',10,1),
(2,'iphone8','5288.00','全身水洗，超大屏幕，待机24小时','899','http://127.0.0.1:3000/images/a02.jpg',10,1),
(3,'iphone8X','5288.00','全身水洗，超大屏幕，待机24小时','899','http://127.0.0.1:3000//images/a03.jpg',10,1),
(null,'iphone9','5288.00','全身水洗，超大屏幕，待机24小时','899','http://127.0.0.1:3000//images/a04.jpg',10,0),
(null,'iphone11','5288.00','全身水洗，超大屏幕，待机24小时','899','http://127.0.0.1:3000//images/a05.jpg',10,0),
(null,'iphone12','5288.00','全身水洗，超大屏幕，待机24小时','899','http://127.0.0.1:3000//images/a06.jpg',10,0),
(null,'iphone13','5288.00','全身水洗，超大屏幕，待机24小时','899','http://127.0.0.1:3000//images/a07.jpg',10,0),
(null,'iphone8','5288.00','全身水洗，超大屏幕，待机24小时','899','http://127.0.0.1:3000//images/a08.jpg',10,0),
(null,'iphone8','5288.00','全身水洗，超大屏幕，待机24小时','899','http://127.0.0.1:3000//images/a01.jpg',10,0),
(null,'iphone8','5288.00','全身水洗，超大屏幕，待机24小时','899','http://127.0.0.1:3000//images/a01.jpg',10,0),
(null,'iphone8','5288.00','全身水洗，超大屏幕，待机24小时','899','http://127.0.0.1:3000//images/a01.jpg',10,0),
(null,'iphone8','5288.00','全身水洗，超大屏幕，待机24小时','899','http://127.0.0.1:3000//images/a01.jpg',10,0),
(null,'iphone8','5288.00','全身水洗，超大屏幕，待机24小时','899','http://127.0.0.1:3000//images/a01.jpg',10,0),
(null,'iphone8','5288.00','全身水洗，超大屏幕，待机24小时','899','http://127.0.0.1:3000//images/a01.jpg',10,0),
(null,'iphone8','5288.00','全身水洗，超大屏幕，待机24小时','899','http://127.0.0.1:3000//images/a01.jpg',10,0),
(null,'iphone8','5288.00','全身水洗，超大屏幕，待机24小时','899','http://127.0.0.1:3000//images/a01.jpg',10,0),
(null,'iphone8','5288.00','全身水洗，超大屏幕，待机24小时','899','http://127.0.0.1:3000//images/a01.jpg',10,0),
(null,'iphone8','5288.00','全身水洗，超大屏幕，待机24小时','899','http://127.0.0.1:3000//images/a01.jpg',10,0),
(null,'iphone8','5288.00','全身水洗，超大屏幕，待机24小时','899','http://127.0.0.1:3000//images/a01.jpg',10,0),
(null,'iphone8','5288.00','全身水洗，超大屏幕，待机24小时','899','http://127.0.0.1:3000//images/a01.jpg',10,0),
(null,'iphone8','5288.00','全身水洗，超大屏幕，待机24小时','899','http://127.0.0.1:3000//images/a01.jpg',10,0),
(null,'iphone8','5288.00','全身水洗，超大屏幕，待机24小时','899','http://127.0.0.1:3000//images/a01.jpg',10,0),
(null,'iphone8','5288.00','全身水洗，超大屏幕，待机24小时','899','http://127.0.0.1:3000//images/a01.jpg',10,0),
(null,'iphone8','5288.00','全身水洗，超大屏幕，待机24小时','899','http://127.0.0.1:3000//images/a01.jpg',10,0),
(null,'iphone8','5288.00','全身水洗，超大屏幕，待机24小时','899','http://127.0.0.1:3000//images/a01.jpg',10,0),
(null,'iphone8','5288.00','全身水洗，超大屏幕，待机24小时','899','http://127.0.0.1:3000//images/a01.jpg',10,0),
(null,'iphone8','5288.00','全身水洗，超大屏幕，待机24小时','899','http://127.0.0.1:3000//images/a01.jpg',10,0),
(null,'iphone8','5288.00','全身水洗，超大屏幕，待机24小时','899','http://127.0.0.1:3000//images/a01.jpg',10,0),
(null,'iphone8','5288.00','全身水洗，超大屏幕，待机24小时','899','http://127.0.0.1:3000//images/a01.jpg',10,0),
(null,'iphone8','5288.00','全身水洗，超大屏幕，待机24小时','899','http://127.0.0.1:3000//images/a01.jpg',10,0),
(null,'iphone8','5288.00','全身水洗，超大屏幕，待机24小时','899','http://127.0.0.1:3000//images/a01.jpg',10,0),
(null,'iphone8','5288.00','全身水洗，超大屏幕，待机24小时','899','http://127.0.0.1:3000//images/a01.jpg',10,0),
(null,'iphone8','5288.00','全身水洗，超大屏幕，待机24小时','899','http://127.0.0.1:3000//images/a01.jpg',10,0),
(null,'iphone8','5288.00','全身水洗，超大屏幕，待机24小时','899','http://127.0.0.1:3000//images/a01.jpg',10,0),
(null,'iphoneXPlus','5288.00','全身水洗，超大屏幕，待机24小时','899','http://127.0.0.1:3000//images/a01.jpg',10,0),
(null,'大米高清摄像头','1288.00','强力监控，自动开机','599','http://127.0.0.1:3000//images/b01.jpg',20,1),
(null,'大米高清摄像头','1288.00','强力监控，自动开机','599','http://127.0.0.1:3000//images/b02.jpg',20,1),
(null,'大米高清摄像头','1288.00','强力监控，自动开机','599','http://127.0.0.1:3000//images/b03.jpg',20,1),
(null,'大米高清摄像头','1288.00','强力监控，自动开机','599','http://127.0.0.1:3000//images/b04.jpg',20,0),
(null,'大米高清摄像头','1288.00','强力监控，自动开机','599','http://127.0.0.1:3000//images/b05.jpg',20,0),
(null,'大米高清摄像头','1288.00','强力监控，自动开机','599','http://127.0.0.1:3000//images/b06.jpg',20,0),
(null,'大米高清摄像头','1288.00','强力监控，自动开机','599','http://127.0.0.1:3000//images/b07.jpg',20,0),
(null,'大米高清摄像头','1288.00','强力监控，自动开机','599','http://127.0.0.1:3000//images/b08.jpg',20,0),
(null,'大米高清摄像头','1288.00','强力监控，自动开机','599','http://127.0.0.1:3000//images/b01.jpg',20,0),
(null,'大米高清摄像头','1288.00','强力监控，自动开机','599','http://127.0.0.1:3000//images/b01.jpg',20,0),
(null,'大米高清摄像头','1288.00','强力监控，自动开机','599','http://127.0.0.1:3000//images/b01.jpg',20,0),
(null,'大米高清摄像头','1288.00','强力监控，自动开机','599','http://127.0.0.1:3000//images/b01.jpg',20,0),
(null,'大米高清摄像头','1288.00','强力监控，自动开机','599','http://127.0.0.1:3000//images/b01.jpg',20,0),
(null,'大米高清摄像头','1288.00','强力监控，自动开机','599','http://127.0.0.1:3000//images/b01.jpg',20,0),
(null,'大米高清摄像头','1288.00','强力监控，自动开机','599','http://127.0.0.1:3000//images/b01.jpg',20,0),
(null,'大米高清摄像头','1288.00','强力监控，自动开机','599','http://127.0.0.1:3000//images/b01.jpg',20,0),
(null,'大米高清摄像头','1288.00','强力监控，自动开机','599','http://127.0.0.1:3000//images/b01.jpg',20,0),
(null,'大米高清摄像头','1288.00','强力监控，自动开机','599','http://127.0.0.1:3000//images/b01.jpg',20,0),
(null,'大米高清摄像头','1288.00','强力监控，自动开机','599','http://127.0.0.1:3000//images/b01.jpg',20,0),
(null,'大米高清摄像头','1288.00','强力监控，自动开机','599','http://127.0.0.1:3000//images/b01.jpg',20,0),
(null,'大米高清摄像头','1288.00','强力监控，自动开机','599','http://127.0.0.1:3000//images/b01.jpg',20,0),
(null,'大米高清摄像头','1288.00','强力监控，自动开机','599','http://127.0.0.1:3000//images/b01.jpg',20,0),
(null,'大米高清摄像头','1288.00','强力监控，自动开机','599','http://127.0.0.1:3000//images/b01.jpg',20,0),
(null,'大米高清摄像头','1288.00','强力监控，自动开机','599','http://127.0.0.1:3000//images/b01.jpg',20,0),
(null,'大米高清摄像头','1288.00','强力监控，自动开机','599','http://127.0.0.1:3000//images/b01.jpg',20,0),
(null,'大米高清摄像头','1288.00','强力监控，自动开机','599','http://127.0.0.1:3000//images/b01.jpg',20,0),
(null,'大米高清摄像头','1288.00','强力监控，自动开机','599','http://127.0.0.1:3000//images/b01.jpg',20,0),
(null,'大米高清摄像头','1288.00','强力监控，自动开机','599','http://127.0.0.1:3000//images/b01.jpg',20,0),
(null,'大米高清摄像头','1288.00','强力监控，自动开机','599','http://127.0.0.1:3000//images/b01.jpg',20,0),
(null,'大米高清摄像头','1288.00','强力监控，自动开机','599','http://127.0.0.1:3000//images/b01.jpg',20,0),
(null,'大米高清摄像头','1288.00','强力监控，自动开机','599','http://127.0.0.1:3000//images/b01.jpg',20,0),
(null,'大米高清摄像头','1288.00','强力监控，自动开机','599','http://127.0.0.1:3000//images/b01.jpg',20,0),
(null,'东门子88X相机','7288.00','高清人像，实景还原','9599','http://127.0.0.1:3000//images/c01.jpg',30,1),
(null,'东门子88X相机','7288.00','高清人像，实景还原','9599','http://127.0.0.1:3000//images/c02.jpg',30,0),
(null,'东门子88X相机','7288.00','高清人像，实景还原','9599','http://127.0.0.1:3000//images/c03.jpg',30,1),
(null,'东门子88X相机','7288.00','高清人像，实景还原','9599','http://127.0.0.1:3000//images/c03.jpg',30,1),
(null,'东门子88X相机','7288.00','高清人像，实景还原','9599','http://127.0.0.1:3000//images/c05.jpg',30,0),
(null,'东门子88X相机','7288.00','高清人像，实景还原','9599','http://127.0.0.1:3000//images/c06.jpg',30,0),
(null,'东门子88X相机','7288.00','高清人像，实景还原','9599','http://127.0.0.1:3000//images/c07.jpg',30,0),
(null,'东门子88X相机','7288.00','高清人像，实景还原','9599','http://127.0.0.1:3000//images/c08.jpg',30,0),
(null,'东门子88X相机','7288.00','高清人像，实景还原','9599','http://127.0.0.1:3000//images/c01.jpg',30,0),
(null,'东门子88X相机','7288.00','高清人像，实景还原','9599','http://127.0.0.1:3000//images/c01.jpg',30,0),
(null,'东门子88X相机','7288.00','高清人像，实景还原','9599','http://127.0.0.1:3000//images/c01.jpg',30,0),
(null,'东门子88X相机','7288.00','高清人像，实景还原','9599','http://127.0.0.1:3000//images/c01.jpg',30,0),
(null,'东门子88X相机','7288.00','高清人像，实景还原','9599','http://127.0.0.1:3000//images/c01.jpg',30,0),
(null,'东门子88X相机','7288.00','高清人像，实景还原','9599','http://127.0.0.1:3000//images/c01.jpg',30,0),
(null,'东门子88X相机','7288.00','高清人像，实景还原','9599','http://127.0.0.1:3000//images/c01.jpg',30,0),
(null,'东门子88X相机','7288.00','高清人像，实景还原','9599','http://127.0.0.1:3000//images/c01.jpg',30,0),
(null,'东门子88X相机','7288.00','高清人像，实景还原','9599','http://127.0.0.1:3000//images/c01.jpg',30,0),
(null,'东门子88X相机','7288.00','高清人像，实景还原','9599','http://127.0.0.1:3000//images/c01.jpg',30,0),
(null,'东门子88X相机','7288.00','高清人像，实景还原','9599','http://127.0.0.1:3000//images/c01.jpg',30,0),
(null,'东门子88X相机','7288.00','高清人像，实景还原','9599','http://127.0.0.1:3000//images/c01.jpg',30,0),
(null,'东门子88X相机','7288.00','高清人像，实景还原','9599','http://127.0.0.1:3000//images/c01.jpg',30,0),
(null,'东门子88X相机','7288.00','高清人像，实景还原','9599','http://127.0.0.1:3000//images/c01.jpg',30,0),
(null,'东门子88X相机','7288.00','高清人像，实景还原','9599','http://127.0.0.1:3000//images/c01.jpg',30,0),
(null,'东门子88X相机','7288.00','高清人像，实景还原','9599','http://127.0.0.1:3000//images/c01.jpg',30,0),
(null,'东门子88X相机','7288.00','高清人像，实景还原','9599','http://127.0.0.1:3000//images/c01.jpg',30,0),
(null,'东门子88X相机','7288.00','高清人像，实景还原','9599','http://127.0.0.1:3000//images/c01.jpg',30,0),
(null,'东门子88X相机','7288.00','高清人像，实景还原','9599','http://127.0.0.1:3000//images/c01.jpg',30,0),
(null,'东门子88X相机','7288.00','高清人像，实景还原','9599','http://127.0.0.1:3000//images/c01.jpg',30,0),
(null,'东门子88X相机','7288.00','高清人像，实景还原','9599','http://127.0.0.1:3000//images/c01.jpg',30,0),
(null,'东门子88X相机','7288.00','高清人像，实景还原','9599','http://127.0.0.1:3000//images/c01.jpg',30,0),
(null,'东门子88X相机','7288.00','高清人像，实景还原','9599','http://127.0.0.1:3000//images/c01.jpg',30,0),
(null,'戴林吹风机','11288.00','自动调温调档','12599','http://127.0.0.1:3000//images/d01.jpg',40,1),
(null,'戴林吹风机','11288.00','自动调温调档','12599','http://127.0.0.1:3000//images/d02.jpg',40,1),
(null,'戴林吹风机','11288.00','自动调温调档','12599','http://127.0.0.1:3000//images/d03.jpg',40,1),
(null,'戴林吹风机','11288.00','自动调温调档','12599','http://127.0.0.1:3000//images/d04.jpg',40,0),
(null,'戴林吹风机','11288.00','自动调温调档','12599','http://127.0.0.1:3000//images/d05.jpg',40,0),
(null,'戴林吹风机','11288.00','自动调温调档','12599','http://127.0.0.1:3000//images/d06.jpg',40,0),
(null,'戴林吹风机','11288.00','自动调温调档','12599','http://127.0.0.1:3000//images/d07.jpg',40,0),
(null,'戴林吹风机','11288.00','自动调温调档','12599','http://127.0.0.1:3000//images/d08.jpg',40,0),
(null,'戴林吹风机','11288.00','自动调温调档','12599','http://127.0.0.1:3000//images/d01.jpg',40,0),
(null,'戴林吹风机','11288.00','自动调温调档','12599','http://127.0.0.1:3000//images/d01.jpg',40,0),
(null,'戴林吹风机','11288.00','自动调温调档','12599','http://127.0.0.1:3000//images/d01.jpg',40,0),
(null,'戴林吹风机','11288.00','自动调温调档','12599','http://127.0.0.1:3000//images/d01.jpg',40,0),
(null,'戴林吹风机','11288.00','自动调温调档','12599','http://127.0.0.1:3000//images/d01.jpg',40,0),
(null,'戴林吹风机','11288.00','自动调温调档','12599','http://127.0.0.1:3000//images/d01.jpg',40,0),
(null,'戴林吹风机','11288.00','自动调温调档','12599','http://127.0.0.1:3000//images/d01.jpg',40,0),
(null,'戴林吹风机','11288.00','自动调温调档','12599','http://127.0.0.1:3000//images/d01.jpg',40,0),
(null,'耐磕头盔','3288.00','保护大脑，多一层保护更安全','199','http://127.0.0.1:3000//images/e01.jpg',50,1),
(null,'耐磕头盔','3288.00','保护大脑，多一层保护更安全','199','http://127.0.0.1:3000//images/e02.jpg',50,1),
(null,'耐磕头盔','3288.00','保护大脑，多一层保护更安全','199','http://127.0.0.1:3000//images/e03.jpg',50,1),
(null,'耐磕头盔','3288.00','保护大脑，多一层保护更安全','199','http://127.0.0.1:3000//images/e04.jpg',50,0),
(null,'耐磕头盔','3288.00','保护大脑，多一层保护更安全','199','http://127.0.0.1:3000//images/e05.jpg',50,0),
(null,'耐磕头盔','3288.00','保护大脑，多一层保护更安全','199','http://127.0.0.1:3000//images/e06.jpg',50,0),
(null,'耐磕头盔','3288.00','保护大脑，多一层保护更安全','199','http://127.0.0.1:3000//images/e07.jpg',50,0),
(null,'耐磕头盔','3288.00','保护大脑，多一层保护更安全','199','http://127.0.0.1:3000//images/e08.jpg',50,0),
(null,'耐磕头盔','3288.00','保护大脑，多一层保护更安全','199','http://127.0.0.1:3000//images/e01.jpg',50,0),
(null,'耐磕头盔','3288.00','保护大脑，多一层保护更安全','199','http://127.0.0.1:3000//images/e01.jpg',50,0),
(null,'耐磕头盔','3288.00','保护大脑，多一层保护更安全','199','http://127.0.0.1:3000//images/e01.jpg',50,0),
(null,'耐磕头盔','3288.00','保护大脑，多一层保护更安全','199','http://127.0.0.1:3000//images/e01.jpg',50,0),
(null,'耐磕头盔','3288.00','保护大脑，多一层保护更安全','199','http://127.0.0.1:3000//images/e01.jpg',50,0),
(null,'耐磕头盔','3288.00','保护大脑，多一层保护更安全','199','http://127.0.0.1:3000//images/e01.jpg',50,0),
(null,'耐磕头盔','3288.00','保护大脑，多一层保护更安全','199','http://127.0.0.1:3000//images/e01.jpg',50,0),
(null,'耐磕头盔','3288.00','保护大脑，多一层保护更安全','199','http://127.0.0.1:3000//images/e01.jpg',50,0),
(null,'耐磕头盔','3288.00','保护大脑，多一层保护更安全','199','http://127.0.0.1:3000//images/e01.jpg',50,0),
(null,'耐磕头盔','3288.00','保护大脑，多一层保护更安全','199','http://127.0.0.1:3000//images/e01.jpg',50,0),
(null,'雷龙鼠标','5288.00','世界就在你手中','899','http://127.0.0.1:3000//images/f01.jpg',60,1),
(null,'雷龙鼠标','5288.00','世界就在你手中','899','http://127.0.0.1:3000//images/f02.jpg',60,1),
(null,'雷龙鼠标','5288.00','世界就在你手中','899','http://127.0.0.1:3000//images/f03.jpg',60,1),
(null,'雷龙鼠标','5288.00','世界就在你手中','899','http://127.0.0.1:3000//images/f04.jpg',60,0),
(null,'雷龙鼠标','5288.00','世界就在你手中','899','http://127.0.0.1:3000//images/f05.jpg',60,0),
(null,'雷龙鼠标','5288.00','世界就在你手中','899','http://127.0.0.1:3000//images/f06.jpg',60,0),
(null,'雷龙鼠标','5288.00','世界就在你手中','899','http://127.0.0.1:3000//images/f07.jpg',60,0),
(null,'雷龙鼠标','5288.00','世界就在你手中','899','http://127.0.0.1:3000//images/f08.jpg',60,0),
(null,'雷龙鼠标','5288.00','世界就在你手中','899','http://127.0.0.1:3000//images/f01.jpg',60,0),
(null,'雷龙鼠标','5288.00','世界就在你手中','899','http://127.0.0.1:3000//images/f01.jpg',60,0),
(null,'雷龙鼠标','5288.00','世界就在你手中','899','http://127.0.0.1:3000//images/f01.jpg',60,0),
(null,'雷龙鼠标','5288.00','世界就在你手中','899','http://127.0.0.1:3000//images/f01.jpg',60,0),
(null,'雷龙鼠标','5288.00','世界就在你手中','899','http://127.0.0.1:3000//images/f01.jpg',60,0),
(null,'雷龙鼠标','5288.00','世界就在你手中','899','http://127.0.0.1:3000//images/f01.jpg',60,0),
(null,'雷龙鼠标','5288.00','世界就在你手中','899','http://127.0.0.1:3000//images/f01.jpg',60,0),
(null,'雷龙鼠标','5288.00','世界就在你手中','899','http://127.0.0.1:3000//images/f01.jpg',60,0),
(null,'雷龙鼠标','5288.00','世界就在你手中','899','http://127.0.0.1:3000//images/f01.jpg',60,0),
(null,'雷龙鼠标','5288.00','世界就在你手中','899','http://127.0.0.1:3000//images/f01.jpg',60,0),
(null,'雷龙鼠标','5288.00','世界就在你手中','899','http://127.0.0.1:3000//images/f01.jpg',60,0),
(null,'雷龙鼠标','5288.00','世界就在你手中','899','http://127.0.0.1:3000//images/f01.jpg',60,0);

CREATE TABLE alaptop(
		aid INT PRIMARY KEY AUTO_INCREMENT ,
		alname VARCHAR(25) NOT NULL,
		aprice DECIMAL(9,2),
		adetails VARCHAR(50),
		acount VARCHAR(10),
		amdpic VARCHAR(50),
		arecom BOOL

);
INSERT INTO alaptop VALUES
(1,'iphoneX','3288.00','全身水洗，超大屏幕，待机24小时','899','http://127.0.0.1:3000//images/a05.jpg',1),
(null,'大米高清摄像头','1288.00','强力监控，自动开机','599','http://127.0.0.1:3000//images/b01.jpg',0),
(null,'雷龙鼠标','5288.00','世界就在你手中','899','http://127.0.0.1:3000//images/f01.jpg',0),
(null,'耐磕头盔','3288.00','保护大脑，多一层保护更安全','199','http://127.0.0.1:3000//images/e01.jpg',0);



CREATE TABLE slaptop(
		sid INT PRIMARY KEY AUTO_INCREMENT ,
		slname VARCHAR(25) NOT NULL,
		sprice DECIMAL(9,2),
		sdetails VARCHAR(50),
		scount VARCHAR(10),
		smdpic VARCHAR(50),
		srecom BOOL,
		title VARCHAR(20)

);
INSERT INTO slaptop VALUES
(1,'大米XPlus','3288.00','全身水洗，超大屏幕，待机24小时','899','http://127.0.0.1:3000//images/a05.jpg',1,'img1'),
(null,'大米柔光摄像头','1288.00','强力监控，自动开机','599','http://127.0.0.1:3000//images/b01.jpg',0,'img2'),
(null,'东门子超清晰相机','5288.00','世界就在你手中','899','http://127.0.0.1:3000//images/f01.jpg',0,'img3'),
(null,'戴林吹风机','3288.00','全身水洗，超大屏幕，待机24小时','899','http://127.0.0.1:3000//images/c05.jpg',1,'img4'),
(null,'耐磕头盔','1288.00','强力监控，自动开机','599','http://127.0.0.1:3000//images/d01.jpg',0,'img5'),
(null,'雷龙鼠标','5288.00','世界就在你手中','899','http://127.0.0.1:3000//images/e01.jpg',0,'img6'),
(null,'iphoneXP','3288.00','全身水洗，超大屏幕，待机24小时','899','http://127.0.0.1:3000//images/a03.jpg',1,'img1'),
(null,'大米高清摄像头','1288.00','强力监控，自动开机','599','http://127.0.0.1:3000//images/b02.jpg',0,'img2'),
(null,'东门子超清晰相机','5288.00','世界就在你手中','899','http://127.0.0.1:3000//images/f04.jpg',0,'img3'),
(null,'iphoneXS','3288.00','全身水洗，超大屏幕，待机24小时','899','http://127.0.0.1:3000//images/a03.jpg',1,'img4'),
(null,'大米高清摄像头','1288.00','强力监控，自动开机','599','http://127.0.0.1:3000//images/b04.jpg',0,'img5'),
(null,'雷龙耳机','5288.00','世界就在你手中','899','http://127.0.0.1:3000//images/f03.jpg',0,'img6');

